{"state":{"isStdOutTTY":false,"isStdErrTTY":false,"testRunDurationMs":30258.514246},"metrics":{"vus":{"contains":"default","values":{"value":1,"min":1,"max":8},"type":"gauge"},"http_req_receiving":{"contains":"time","values":{"min":0.0381,"med":0.0689,"max":65.488108,"p(90)":0.30111900000000047,"p(95)":64.10555360000001,"avg":5.472673211678837},"type":"trend"},"http_reqs":{"type":"counter","contains":"default","values":{"count":137,"rate":4.527651254988854}},"http_req_sending":{"contains":"time","values":{"med":0.0183,"max":0.0458,"p(90)":0.02396000000000001,"p(95)":0.0317,"avg":0.01872039416058394,"min":0.0073},"type":"trend"},"data_received":{"values":{"count":1620778,"rate":53564.361647870974},"type":"counter","contains":"data"},"vus_max":{"contains":"default","values":{"value":8,"min":8,"max":8},"type":"gauge"},"http_req_connecting":{"type":"trend","contains":"time","values":{"p(90)":0,"p(95)":57.5385614,"avg":3.781813248175182,"min":0,"med":0,"max":70.165315}},"http_req_waiting":{"type":"trend","contains":"time","values":{"max":134.784808,"p(90)":132.8255004,"p(95)":133.590253,"avg":72.80294294160586,"min":53.52898,"med":66.461213}},"iterations":{"type":"counter","contains":"default","values":{"count":137,"rate":4.527651254988854}},"http_req_duration":{"type":"trend","contains":"time","values":{"max":134.860709,"p(90)":133.55960000000002,"p(95)":133.8983372,"avg":78.29433654744523,"min":53.616676,"med":66.81781}},"http_req_failed":{"type":"rate","contains":"default","values":{"rate":0,"passes":0,"fails":137}},"data_sent":{"type":"counter","contains":"data","values":{"count":16146,"rate":533.6018771025549}},"http_req_tls_handshaking":{"type":"trend","contains":"time","values":{"p(95)":55.91374919999995,"avg":3.8311505328467153,"min":0,"med":0,"max":71.240118,"p(90)":0}},"iteration_duration":{"type":"trend","contains":"time","values":{"min":1053.989496,"med":1067.604861,"max":1237.786454,"p(90)":1134.8572398,"p(95)":1170.7360201999998,"avg":1086.8711697956207}},"http_req_duration{expected_response:true}":{"type":"trend","contains":"time","values":{"med":66.81781,"max":134.860709,"p(90)":133.55960000000002,"p(95)":133.8983372,"avg":78.29433654744523,"min":53.616676}},"http_req_blocked":{"type":"trend","contains":"time","values":{"max":168.275358,"p(90)":0.006740000000000004,"p(95)":113.61915299999995,"avg":7.882943846715328,"min":0.0017,"med":0.0043}}},"root_group":{"name":"","path":"","id":"d41d8cd98f00b204e9800998ecf8427e","groups":[],"checks":[]},"options":{"summaryTrendStats":["avg","min","med","max","p(90)","p(95)"],"summaryTimeUnit":"","noColor":false}}